{"ProcessA的平均耗时": 14.617310443490702, "ProcessB的平均耗时": 27.70117845117845, "ProcessA的P99耗时": 43, "ProcessB的P99耗时": 69, "ProcessA的P90耗时": 18, "ProcessB的P90耗时": 34, "系统平均吞吐量": 21.653423499577347, "平均每帧耗时": 67.57480980557904}